n1,n3
n1,n5
n1,n7
n1,n8
n1,n18
n1,n20
n1,n26
n1,n28
n1,n38
n1,n40
n1,n41
n1,n46
n1,n67
n1,n74
n1,n75
n1,n77
n1,n78
n1,n79
n1,n102
n2,n5
n2,n7
n2,n12
n2,n14
n2,n29
n2,n30
n2,n38
n2,n41
n2,n48
n2,n66
n2,n71
n2,n77
n2,n78
n3,n5
n3,n7
n3,n8
n3,n18
n3,n20
n3,n26
n3,n28
n3,n34
n3,n38
n3,n40
n3,n41
n3,n67
n3,n74
n3,n75
n3,n77
n3,n78
n3,n79
n5,n7
n5,n12
n5,n14
n5,n25
n5,n28
n5,n29
n5,n30
n5,n40
n5,n48
n5,n66
n5,n77
n5,n78
n5,n79
n7,n8
n7,n25
n7,n26
n7,n28
n7,n40
n7,n46
n7,n66
n7,n67
n7,n75
n7,n77
n7,n78
n7,n79
n7,n102
n8,n20
n8,n28
n8,n34
n8,n38
n8,n39
n8,n40
n8,n41
n8,n75
n8,n77
n8,n78
n8,n79
n12,n25
n12,n30
n12,n48
n12,n66
n12,n71
n12,n77
n13,n25
n13,n66
n13,n77
n14,n30
n14,n66
n14,n77
n18,n28
n18,n40
n18,n41
n18,n74
n18,n77
n18,n78
n20,n28
n20,n40
n20,n67
n20,n75
n20,n78
n24,n41
n24,n48
n24,n77
n25,n29
n25,n38
n25,n41
n25,n46
n25,n48
n25,n66
n25,n71
n25,n77
n25,n78
n25,n85
n26,n28
n26,n66
n26,n70
n26,n77
n26,n78
n28,n34
n28,n38
n28,n39
n28,n40
n28,n41
n28,n46
n28,n50
n28,n71
n28,n74
n28,n75
n28,n77
n28,n78
n28,n79
n28,n94
n28,n102
n29,n30
n29,n66
n29,n70
n29,n71
n29,n77
n30,n66
n30,n77
n34,n40
n34,n41
n34,n79
n38,n40
n38,n66
n38,n71
n38,n78
n38,n79
n39,n40
n39,n41
n39,n79
n40,n41
n40,n77
n40,n78
n40,n79
n41,n48
n41,n50
n41,n66
n41,n70
n41,n71
n41,n74
n41,n77
n41,n78
n41,n79
n41,n85
n46,n48
n46,n66
n46,n78
n46,n96
n48,n53
n48,n66
n48,n70
n48,n71
n48,n77
n48,n96
n50,n78
n66,n70
n66,n71
n66,n77
n66,n78
n66,n85
n67,n78
n70,n71
n70,n77
n70,n78
n71,n77
n71,n78
n74,n77
n74,n78
n75,n78
n76,n78
n77,n78
n77,n79
n77,n85
n78,n79
n78,n92
n78,n94
n78,n102
n1,n3,n5
n1,n3,n7
n1,n3,n8
n1,n3,n18
n1,n3,n20
n1,n3,n26
n1,n3,n28
n1,n3,n38
n1,n3,n40
n1,n3,n41
n1,n3,n67
n1,n3,n77
n1,n3,n78
n1,n3,n79
n1,n5,n7
n1,n5,n28
n1,n5,n78
n1,n7,n8
n1,n7,n26
n1,n7,n28
n1,n7,n38
n1,n7,n40
n1,n7,n78
n1,n7,n79
n1,n8,n28
n1,n8,n40
n1,n8,n77
n1,n8,n78
n1,n8,n79
n1,n18,n28
n1,n18,n41
n1,n18,n77
n1,n20,n67
n1,n20,n78
n1,n26,n78
n1,n28,n38
n1,n28,n40
n1,n28,n41
n1,n28,n77
n1,n28,n78
n1,n28,n79
n1,n38,n78
n1,n40,n77
n1,n40,n78
n1,n41,n77
n1,n41,n79
n1,n77,n79
n1,n78,n79
n2,n5,n30
n2,n5,n48
n2,n5,n66
n2,n5,n77
n2,n12,n30
n2,n12,n66
n2,n12,n77
n2,n14,n30
n2,n14,n66
n2,n14,n77
n2,n29,n30
n2,n29,n66
n2,n29,n77
n2,n30,n66
n2,n30,n77
n2,n48,n66
n2,n48,n77
n2,n66,n71
n2,n66,n77
n2,n66,n78
n2,n71,n78
n3,n5,n7
n3,n5,n28
n3,n5,n78
n3,n7,n8
n3,n7,n26
n3,n7,n28
n3,n7,n38
n3,n7,n67
n3,n7,n78
n3,n7,n79
n3,n8,n28
n3,n8,n41
n3,n8,n77
n3,n8,n78
n3,n18,n28
n3,n18,n41
n3,n18,n77
n3,n20,n28
n3,n20,n67
n3,n20,n78
n3,n26,n78
n3,n28,n38
n3,n28,n40
n3,n28,n41
n3,n28,n77
n3,n28,n78
n3,n28,n79
n3,n38,n40
n3,n40,n41
n3,n40,n77
n3,n41,n77
n3,n41,n78
n3,n41,n79
n3,n67,n78
n3,n77,n79
n3,n78,n79
n5,n7,n28
n5,n7,n77
n5,n7,n78
n5,n12,n77
n5,n14,n77
n5,n25,n66
n5,n25,n77
n5,n25,n78
n5,n29,n77
n5,n30,n66
n5,n30,n77
n5,n40,n78
n5,n48,n66
n5,n48,n77
n5,n66,n77
n5,n66,n78
n7,n8,n28
n7,n8,n40
n7,n8,n78
n7,n25,n66
n7,n25,n77
n7,n25,n78
n7,n26,n78
n7,n28,n38
n7,n28,n78
n7,n40,n78
n7,n46,n78
n7,n66,n77
n7,n66,n78
n7,n71,n77
n8,n28,n78
n8,n38,n40
n8,n39,n41
n8,n39,n79
n8,n40,n41
n8,n40,n78
n8,n41,n79
n8,n78,n79
n12,n30,n66
n12,n30,n77
n12,n66,n77
n13,n25,n66
n13,n25,n77
n13,n66,n77
n14,n30,n66
n14,n30,n77
n14,n66,n77
n18,n28,n41
n18,n28,n77
n18,n41,n77
n20,n28,n78
n24,n41,n48
n24,n41,n77
n24,n48,n77
n25,n29,n66
n25,n38,n66
n25,n38,n78
n25,n41,n66
n25,n41,n71
n25,n41,n77
n25,n41,n78
n25,n48,n66
n25,n66,n71
n25,n66,n77
n25,n66,n78
n25,n71,n77
n25,n71,n78
n26,n66,n70
n28,n38,n78
n28,n39,n40
n28,n39,n41
n28,n39,n79
n28,n40,n41
n28,n40,n77
n28,n40,n78
n28,n40,n79
n28,n41,n77
n28,n41,n78
n28,n41,n79
n28,n46,n78
n28,n77,n79
n28,n78,n79
n29,n30,n66
n29,n30,n77
n29,n66,n70
n29,n66,n77
n29,n70,n71
n30,n66,n77
n38,n66,n78
n39,n40,n41
n39,n40,n79
n39,n41,n79
n40,n41,n79
n41,n66,n70
n41,n66,n71
n41,n66,n77
n41,n66,n78
n41,n70,n78
n41,n71,n77
n41,n71,n78
n41,n77,n79
n46,n48,n96
n48,n66,n70
n48,n66,n71
n48,n66,n77
n48,n70,n71
n48,n70,n77
n48,n71,n77
n66,n70,n71
n66,n70,n77
n66,n70,n78
n66,n71,n77
n66,n71,n78
n70,n71,n77
n1,n3,n5,n7
n1,n3,n5,n78
n1,n3,n7,n8
n1,n3,n7,n26
n1,n3,n7,n28
n1,n3,n7,n38
n1,n3,n7,n78
n1,n3,n8,n77
n1,n3,n8,n78
n1,n3,n18,n28
n1,n3,n18,n41
n1,n3,n18,n77
n1,n3,n26,n78
n1,n3,n28,n38
n1,n3,n28,n41
n1,n3,n28,n77
n1,n3,n28,n78
n1,n3,n28,n79
n1,n3,n38,n78
n1,n3,n40,n77
n1,n3,n41,n77
n1,n3,n41,n79
n1,n3,n77,n79
n1,n5,n7,n78
n1,n7,n8,n40
n1,n7,n8,n78
n1,n7,n26,n78
n1,n7,n28,n38
n1,n7,n28,n78
n1,n7,n38,n78
n1,n7,n40,n78
n1,n8,n40,n78
n1,n8,n78,n79
n1,n18,n28,n41
n1,n18,n28,n77
n1,n18,n41,n77
n1,n28,n38,n78
n1,n28,n40,n77
n1,n28,n40,n78
n1,n28,n41,n77
n1,n28,n41,n79
n1,n28,n77,n79
n1,n41,n77,n79
n2,n5,n30,n66
n2,n5,n30,n77
n2,n5,n48,n66
n2,n5,n48,n77
n2,n5,n66,n77
n2,n12,n30,n66
n2,n12,n30,n77
n2,n12,n66,n77
n2,n14,n30,n66
n2,n14,n30,n77
n2,n14,n66,n77
n2,n29,n30,n66
n2,n29,n30,n77
n2,n29,n66,n77
n2,n30,n66,n77
n2,n48,n66,n77
n2,n66,n71,n78
n3,n5,n7,n78
n3,n7,n8,n78
n3,n7,n26,n78
n3,n7,n28,n38
n3,n7,n28,n78
n3,n7,n38,n78
n3,n18,n28,n41
n3,n18,n28,n77
n3,n18,n41,n77
n3,n28,n38,n78
n3,n28,n40,n77
n3,n28,n41,n77
n3,n28,n41,n78
n3,n28,n41,n79
n3,n28,n77,n79
n3,n41,n77,n79
n5,n25,n66,n77
n5,n25,n66,n78
n5,n30,n66,n77
n5,n48,n66,n77
n7,n8,n40,n78
n7,n25,n66,n77
n7,n25,n66,n78
n7,n28,n38,n78
n12,n30,n66,n77
n13,n25,n66,n77
n14,n30,n66,n77
n18,n28,n41,n77
n25,n38,n66,n78
n25,n41,n66,n71
n25,n41,n66,n77
n25,n41,n66,n78
n25,n41,n71,n77
n25,n41,n71,n78
n25,n66,n71,n77
n25,n66,n71,n78
n28,n41,n77,n79
n29,n30,n66,n77
n41,n66,n70,n78
n41,n66,n71,n77
n41,n66,n71,n78
n48,n66,n70,n71
n48,n66,n70,n77
n48,n66,n71,n77
n48,n70,n71,n77
n66,n70,n71,n77
n1,n3,n5,n7,n78
n1,n3,n7,n8,n78
n1,n3,n7,n26,n78
n1,n3,n7,n28,n38
n1,n3,n7,n28,n78
n1,n3,n7,n38,n78
n1,n3,n28,n38,n78
n1,n3,n28,n41,n77
n1,n3,n28,n41,n79
n1,n3,n28,n77,n79
n1,n3,n41,n77,n79
n1,n7,n28,n38,n78
n1,n28,n41,n77,n79
n2,n5,n30,n66,n77
n2,n5,n48,n66,n77
n2,n12,n30,n66,n77
n2,n14,n30,n66,n77
n2,n29,n30,n66,n77
n3,n7,n28,n38,n78
n3,n28,n41,n77,n79
n25,n41,n66,n71,n77
n1,n3,n7,n28,n38,n78
